-- phpMyAdmin SQL Dump
-- version 5.2.0
-- https://www.phpmyadmin.net/
--
-- Servidor: 127.0.0.1
-- Tiempo de generación: 30-01-2023 a las 03:03:16
-- Versión del servidor: 10.4.27-MariaDB
-- Versión de PHP: 8.0.25

SET SQL_MODE = "NO_AUTO_VALUE_ON_ZERO";
START TRANSACTION;
SET time_zone = "+00:00";


/*!40101 SET @OLD_CHARACTER_SET_CLIENT=@@CHARACTER_SET_CLIENT */;
/*!40101 SET @OLD_CHARACTER_SET_RESULTS=@@CHARACTER_SET_RESULTS */;
/*!40101 SET @OLD_COLLATION_CONNECTION=@@COLLATION_CONNECTION */;
/*!40101 SET NAMES utf8mb4 */;

--
-- Base de datos: `linceria`
--

DELIMITER $$
--
-- Procedimientos
--
CREATE DEFINER=`root`@`localhost` PROCEDURE `actualizar_precio_producto` (IN `n_cantidad` INT, IN `n_precio` DECIMAL(10,2), IN `codigo` INT)   BEGIN
DECLARE nueva_existencia int;
DECLARE nuevo_total decimal(10,2);
DECLARE nuevo_precio decimal(10,2);

DECLARE cant_actual int;
DECLARE pre_actual decimal(10,2);

DECLARE actual_existencia int;
DECLARE actual_precio decimal(10,2);

SELECT precio, existencia INTO actual_precio, actual_existencia FROM producto WHERE codproducto = codigo;

SET nueva_existencia = actual_existencia + n_cantidad;
SET nuevo_total = n_precio;
SET nuevo_precio = nuevo_total;

UPDATE producto SET existencia = nueva_existencia, precio = nuevo_precio WHERE codproducto = codigo;

SELECT nueva_existencia, nuevo_precio;
END$$

CREATE DEFINER=`root`@`localhost` PROCEDURE `add_detalle_temp` (`codigo` INT, `cantidad` INT, `token_user` VARCHAR(50))   BEGIN
DECLARE precio_actual decimal(10,2);
SELECT precio INTO precio_actual FROM producto WHERE codproducto = codigo;
INSERT INTO detalle_temp(token_user, codproducto, cantidad, precio_venta) VALUES (token_user, codigo, cantidad, precio_actual);
SELECT tmp.correlativo, tmp.codproducto, p.descripcion, tmp.cantidad, tmp.precio_venta FROM detalle_temp tmp INNER JOIN producto p ON tmp.codproducto = p.codproducto WHERE tmp.token_user = token_user;
END$$

CREATE DEFINER=`root`@`localhost` PROCEDURE `data` ()   BEGIN
DECLARE usuarios int;
DECLARE clientes int;
DECLARE proveedores int;
DECLARE productos int;
DECLARE ventas int;
SELECT COUNT(*) INTO usuarios FROM usuario;
SELECT COUNT(*) INTO clientes FROM cliente;
SELECT COUNT(*) INTO proveedores FROM proveedor;
SELECT COUNT(*) INTO productos FROM producto;
SELECT COUNT(*) INTO ventas FROM factura WHERE fecha > CURDATE();

SELECT usuarios, clientes, proveedores, productos, ventas;

END$$

CREATE DEFINER=`root`@`localhost` PROCEDURE `del_detalle_temp` (`id_detalle` INT, `token` VARCHAR(50))   BEGIN
DELETE FROM detalle_temp WHERE correlativo = id_detalle;
SELECT tmp.correlativo, tmp.codproducto, p.descripcion, tmp.cantidad, tmp.precio_venta FROM detalle_temp tmp INNER JOIN producto p ON tmp.codproducto = p.codproducto WHERE tmp.token_user = token;
END$$

CREATE DEFINER=`root`@`localhost` PROCEDURE `procesar_venta` (IN `cod_usuario` INT, IN `cod_cliente` INT, IN `token` VARCHAR(50), IN `pago` DECIMAL)   BEGIN
DECLARE factura INT;
DECLARE registros INT;
DECLARE total DECIMAL(10,2);
DECLARE nueva_existencia int;
DECLARE existencia_actual int;

DECLARE tmp_cod_producto int;
DECLARE tmp_cant_producto int;
DECLARE a int;
SET a = 1;

CREATE TEMPORARY TABLE tbl_tmp_tokenuser(
	id BIGINT NOT NULL AUTO_INCREMENT PRIMARY KEY,
    cod_prod BIGINT,
    cant_prod int);
SET registros = (SELECT COUNT(*) FROM detalle_temp WHERE token_user = token);
IF registros > 0 THEN
INSERT INTO tbl_tmp_tokenuser(cod_prod, cant_prod) SELECT codproducto, cantidad FROM detalle_temp WHERE token_user = token;
INSERT INTO factura (usuario,codcliente) VALUES (cod_usuario, cod_cliente);
SET factura = LAST_INSERT_ID();

INSERT INTO detallefactura(nofactura,codproducto,cantidad,precio_venta) SELECT (factura) AS nofactura, codproducto, cantidad,precio_venta FROM detalle_temp WHERE token_user = token;
WHILE a <= registros DO
	SELECT cod_prod, cant_prod INTO tmp_cod_producto,tmp_cant_producto FROM tbl_tmp_tokenuser WHERE id = a;
    SELECT existencia INTO existencia_actual FROM producto WHERE codproducto = tmp_cod_producto;
    SET nueva_existencia = existencia_actual - tmp_cant_producto;
    UPDATE producto SET existencia = nueva_existencia WHERE codproducto = tmp_cod_producto;
    SET a=a+1;
END WHILE;
SET total = (SELECT SUM(cantidad * precio_venta) FROM detalle_temp WHERE token_user = token);
UPDATE factura SET totalfactura = total WHERE nofactura = factura;
UPDATE factura SET credito = total-pago WHERE nofactura = factura;
DELETE FROM detalle_temp WHERE token_user = token;
TRUNCATE TABLE tbl_tmp_tokenuser;
SELECT * FROM factura WHERE nofactura = factura;
ELSE
SELECT 0;
END IF;
END$$

DELIMITER ;

-- --------------------------------------------------------

--
-- Estructura de tabla para la tabla `cliente`
--

CREATE TABLE `cliente` (
  `idcliente` int(11) NOT NULL,
  `dni` int(8) NOT NULL,
  `nombre` varchar(100) NOT NULL,
  `telefono` int(15) NOT NULL,
  `direccion` varchar(200) NOT NULL,
  `usuario_id` int(11) NOT NULL
) ENGINE=InnoDB DEFAULT CHARSET=utf8 COLLATE=utf8_spanish_ci;

--
-- Volcado de datos para la tabla `cliente`
--

INSERT INTO `cliente` (`idcliente`, `dni`, `nombre`, `telefono`, `direccion`, `usuario_id`) VALUES
(1, 77723454, 'marines', 933187261, 'Jr. Huallayco 751-Galeria Victoria-stand 38-Huánuco-Perú', 1),
(2, 74235565, 'dovil', 917272772, 'LIMA', 1);

-- --------------------------------------------------------

--
-- Estructura de tabla para la tabla `cliente_a_credito`
--

CREATE TABLE `cliente_a_credito` (
  `idcliente` int(11) NOT NULL,
  `nombre` varchar(50) NOT NULL,
  `telefono` int(9) NOT NULL,
  `productos` varchar(1000) NOT NULL,
  `preciop` varchar(100) NOT NULL,
  `cantidadp` int(50) NOT NULL,
  `totalp` varchar(1000) NOT NULL,
  `fechaC` date NOT NULL,
  `pago` varchar(100) NOT NULL,
  `deuda` varchar(100) NOT NULL,
  `estado` varchar(50) NOT NULL
) ENGINE=InnoDB DEFAULT CHARSET=utf8mb4 COLLATE=utf8mb4_general_ci;

--
-- Volcado de datos para la tabla `cliente_a_credito`
--

INSERT INTO `cliente_a_credito` (`idcliente`, `nombre`, `telefono`, `productos`, `preciop`, `cantidadp`, `totalp`, `fechaC`, `pago`, `deuda`, `estado`) VALUES
(1, 'MILLER', 916235565, 'MEDIAS ROJAS', '24', 2, '48', '2023-01-29', '20', '28', 'con deuda');

-- --------------------------------------------------------

--
-- Estructura de tabla para la tabla `configuracion`
--

CREATE TABLE `configuracion` (
  `id` int(11) NOT NULL,
  `dni` int(11) NOT NULL,
  `nombre` varchar(100) NOT NULL,
  `razon_social` varchar(100) NOT NULL,
  `telefono` int(11) NOT NULL,
  `email` varchar(100) NOT NULL,
  `direccion` text NOT NULL,
  `igv` decimal(10,2) NOT NULL
) ENGINE=InnoDB DEFAULT CHARSET=utf8 COLLATE=utf8_spanish_ci;

--
-- Volcado de datos para la tabla `configuracion`
--

INSERT INTO `configuracion` (`id`, `dni`, `nombre`, `razon_social`, `telefono`, `email`, `direccion`, `igv`) VALUES
(1, 2147483647, 'LINCERIA MAHAL & Fashion', 'LINCERIA MAHAL', 928605197, 'maria@gmail.com', 'HUÁNUCO-PERÚ', '0.18');

-- --------------------------------------------------------

--
-- Estructura de tabla para la tabla `detallefactura`
--

CREATE TABLE `detallefactura` (
  `correlativo` bigint(20) NOT NULL,
  `nofactura` bigint(20) NOT NULL,
  `codproducto` int(11) NOT NULL,
  `cantidad` int(11) NOT NULL,
  `precio_venta` decimal(10,2) NOT NULL
) ENGINE=InnoDB DEFAULT CHARSET=utf8 COLLATE=utf8_spanish_ci;

--
-- Volcado de datos para la tabla `detallefactura`
--

INSERT INTO `detallefactura` (`correlativo`, `nofactura`, `codproducto`, `cantidad`, `precio_venta`) VALUES
(24, 1, 2, 1, '24.00'),
(25, 14, 1, 1, '18.00'),
(26, 14, 2, 1, '24.00'),
(28, 15, 2, 1, '24.00'),
(29, 16, 2, 1, '24.00');

-- --------------------------------------------------------

--
-- Estructura de tabla para la tabla `detalle_temp`
--

CREATE TABLE `detalle_temp` (
  `correlativo` int(11) NOT NULL,
  `token_user` varchar(50) NOT NULL,
  `codproducto` int(11) NOT NULL,
  `cantidad` int(11) NOT NULL,
  `precio_venta` decimal(10,2) NOT NULL
) ENGINE=InnoDB DEFAULT CHARSET=utf8 COLLATE=utf8_spanish_ci;

-- --------------------------------------------------------

--
-- Estructura de tabla para la tabla `entradas`
--

CREATE TABLE `entradas` (
  `correlativo` int(11) NOT NULL,
  `codproducto` int(11) NOT NULL,
  `fecha` datetime NOT NULL DEFAULT current_timestamp(),
  `cantidad` int(11) NOT NULL,
  `precio` decimal(10,2) NOT NULL,
  `usuario_id` int(11) NOT NULL
) ENGINE=InnoDB DEFAULT CHARSET=utf8 COLLATE=utf8_spanish_ci;

--
-- Volcado de datos para la tabla `entradas`
--

INSERT INTO `entradas` (`correlativo`, `codproducto`, `fecha`, `cantidad`, `precio`, `usuario_id`) VALUES
(1, 7, '2023-01-22 10:12:22', 22, '15.00', 1),
(2, 8, '2023-01-23 15:19:44', 22, '3.00', 1),
(3, 1, '2023-01-23 15:26:00', 29, '3.50', 1),
(4, 1, '2023-01-29 19:02:48', 5, '18.00', 2);

-- --------------------------------------------------------

--
-- Estructura de tabla para la tabla `estado`
--

CREATE TABLE `estado` (
  `idestado` int(11) NOT NULL,
  `estado` varchar(50) NOT NULL
) ENGINE=InnoDB DEFAULT CHARSET=utf8mb4 COLLATE=utf8mb4_general_ci;

--
-- Volcado de datos para la tabla `estado`
--

INSERT INTO `estado` (`idestado`, `estado`) VALUES
(1, 'con deuda'),
(2, 'sin deuda'),
(1, 'con deuda'),
(2, 'sin deuda');

-- --------------------------------------------------------

--
-- Estructura de tabla para la tabla `factura`
--

CREATE TABLE `factura` (
  `nofactura` int(11) NOT NULL,
  `fecha` datetime NOT NULL DEFAULT current_timestamp(),
  `usuario` int(11) NOT NULL,
  `codcliente` int(11) NOT NULL,
  `totalfactura` decimal(10,2) NOT NULL,
  `estado` int(11) NOT NULL DEFAULT 1
) ENGINE=InnoDB DEFAULT CHARSET=utf8 COLLATE=utf8_spanish_ci;

--
-- Volcado de datos para la tabla `factura`
--

INSERT INTO `factura` (`nofactura`, `fecha`, `usuario`, `codcliente`, `totalfactura`, `estado`) VALUES
(1, '2023-01-29 12:58:33', 1, 1, '24.00', 1),
(2, '2023-01-29 18:10:44', 2, 2, '42.00', 1),
(15, '2023-01-29 19:04:08', 2, 2, '24.00', 1),
(16, '2023-01-29 20:17:19', 2, 1, '24.00', 1);

-- --------------------------------------------------------

--
-- Estructura de tabla para la tabla `producto`
--

CREATE TABLE `producto` (
  `codproducto` int(11) NOT NULL,
  `descripcion` varchar(200) NOT NULL,
  `proveedor` int(11) NOT NULL,
  `precio` decimal(10,2) NOT NULL,
  `existencia` int(11) NOT NULL,
  `usuario_id` int(11) NOT NULL
) ENGINE=InnoDB DEFAULT CHARSET=utf8 COLLATE=utf8_spanish_ci;

--
-- Volcado de datos para la tabla `producto`
--

INSERT INTO `producto` (`codproducto`, `descripcion`, `proveedor`, `precio`, `existencia`, `usuario_id`) VALUES
(1, 'ALGODÓN DICAPRI', 1, '18.00', 54, 3),
(2, 'VESTIR DICAPRI', 1, '24.00', 44, 3),
(3, 'ALDODON NIÑOS DICAPRI ', 1, '36.00', 47, 3);

-- --------------------------------------------------------

--
-- Estructura de tabla para la tabla `proveedor`
--

CREATE TABLE `proveedor` (
  `codproveedor` int(11) NOT NULL,
  `proveedor` varchar(100) NOT NULL,
  `contacto` varchar(100) NOT NULL,
  `telefono` int(11) NOT NULL,
  `direccion` varchar(100) NOT NULL,
  `usuario_id` int(11) NOT NULL
) ENGINE=InnoDB DEFAULT CHARSET=utf8 COLLATE=utf8_spanish_ci;

--
-- Volcado de datos para la tabla `proveedor`
--

INSERT INTO `proveedor` (`codproveedor`, `proveedor`, `contacto`, `telefono`, `direccion`, `usuario_id`) VALUES
(1, 'DICAPRI', '965432143', 928605197, 'HUÁNUCO-PERÚ', 2),
(2, 'MADRINA MELBER ', '10700000', 979889897, 'Huanuco', 3),
(3, 'SRA YENI', '107800000', 989898961, 'HUNUACO1', 3),
(4, 'SRA TERESA', '100789899', 989768557, 'LIMA', 3),
(5, 'SRA MARYS', '109898789', 979473897, 'LIMA', 3),
(6, 'VALVERDE', '1097828382', 917272772, 'LIMA', 3);

-- --------------------------------------------------------

--
-- Estructura de tabla para la tabla `rol`
--

CREATE TABLE `rol` (
  `idrol` int(11) NOT NULL,
  `rol` varchar(50) NOT NULL
) ENGINE=InnoDB DEFAULT CHARSET=utf8 COLLATE=utf8_spanish_ci;

--
-- Volcado de datos para la tabla `rol`
--

INSERT INTO `rol` (`idrol`, `rol`) VALUES
(1, 'Administrador'),
(2, 'Vendedor');

-- --------------------------------------------------------

--
-- Estructura de tabla para la tabla `usuario`
--

CREATE TABLE `usuario` (
  `idusuario` int(11) NOT NULL,
  `nombre` varchar(100) NOT NULL,
  `correo` varchar(100) NOT NULL,
  `usuario` varchar(20) NOT NULL,
  `clave` varchar(50) NOT NULL,
  `rol` int(11) NOT NULL
) ENGINE=InnoDB DEFAULT CHARSET=utf8 COLLATE=utf8_spanish_ci;

--
-- Volcado de datos para la tabla `usuario`
--

INSERT INTO `usuario` (`idusuario`, `nombre`, `correo`, `usuario`, `clave`, `rol`) VALUES
(1, 'DOMINGUEZ VILLANUEVA LINO', 'dovillove1@gmail.com', 'DOMINGUEZ', 'a3d0b2c255ba7b7a1333dd982687ceaa', 1),
(2, 'ARACELLY MARINES DIAZ CASTAÑEDA', 'aracely@gmail.com', 'marines', '341de0219bc435be75cf51f588d53a7a', 1);

--
-- Índices para tablas volcadas
--

--
-- Indices de la tabla `cliente`
--
ALTER TABLE `cliente`
  ADD PRIMARY KEY (`idcliente`);

--
-- Indices de la tabla `cliente_a_credito`
--
ALTER TABLE `cliente_a_credito`
  ADD PRIMARY KEY (`idcliente`);

--
-- Indices de la tabla `configuracion`
--
ALTER TABLE `configuracion`
  ADD PRIMARY KEY (`id`);

--
-- Indices de la tabla `detallefactura`
--
ALTER TABLE `detallefactura`
  ADD PRIMARY KEY (`correlativo`);

--
-- Indices de la tabla `detalle_temp`
--
ALTER TABLE `detalle_temp`
  ADD PRIMARY KEY (`correlativo`);

--
-- Indices de la tabla `entradas`
--
ALTER TABLE `entradas`
  ADD PRIMARY KEY (`correlativo`);

--
-- Indices de la tabla `factura`
--
ALTER TABLE `factura`
  ADD PRIMARY KEY (`nofactura`);

--
-- Indices de la tabla `producto`
--
ALTER TABLE `producto`
  ADD PRIMARY KEY (`codproducto`);

--
-- Indices de la tabla `proveedor`
--
ALTER TABLE `proveedor`
  ADD PRIMARY KEY (`codproveedor`);

--
-- Indices de la tabla `rol`
--
ALTER TABLE `rol`
  ADD PRIMARY KEY (`idrol`);

--
-- Indices de la tabla `usuario`
--
ALTER TABLE `usuario`
  ADD PRIMARY KEY (`idusuario`);

--
-- AUTO_INCREMENT de las tablas volcadas
--

--
-- AUTO_INCREMENT de la tabla `cliente`
--
ALTER TABLE `cliente`
  MODIFY `idcliente` int(11) NOT NULL AUTO_INCREMENT, AUTO_INCREMENT=9;

--
-- AUTO_INCREMENT de la tabla `cliente_a_credito`
--
ALTER TABLE `cliente_a_credito`
  MODIFY `idcliente` int(11) NOT NULL AUTO_INCREMENT, AUTO_INCREMENT=2;

--
-- AUTO_INCREMENT de la tabla `configuracion`
--
ALTER TABLE `configuracion`
  MODIFY `id` int(11) NOT NULL AUTO_INCREMENT, AUTO_INCREMENT=2;

--
-- AUTO_INCREMENT de la tabla `detallefactura`
--
ALTER TABLE `detallefactura`
  MODIFY `correlativo` bigint(20) NOT NULL AUTO_INCREMENT, AUTO_INCREMENT=30;

--
-- AUTO_INCREMENT de la tabla `detalle_temp`
--
ALTER TABLE `detalle_temp`
  MODIFY `correlativo` int(11) NOT NULL AUTO_INCREMENT, AUTO_INCREMENT=48;

--
-- AUTO_INCREMENT de la tabla `entradas`
--
ALTER TABLE `entradas`
  MODIFY `correlativo` int(11) NOT NULL AUTO_INCREMENT, AUTO_INCREMENT=5;

--
-- AUTO_INCREMENT de la tabla `factura`
--
ALTER TABLE `factura`
  MODIFY `nofactura` int(11) NOT NULL AUTO_INCREMENT, AUTO_INCREMENT=17;

--
-- AUTO_INCREMENT de la tabla `producto`
--
ALTER TABLE `producto`
  MODIFY `codproducto` int(11) NOT NULL AUTO_INCREMENT, AUTO_INCREMENT=24;

--
-- AUTO_INCREMENT de la tabla `proveedor`
--
ALTER TABLE `proveedor`
  MODIFY `codproveedor` int(11) NOT NULL AUTO_INCREMENT, AUTO_INCREMENT=13;

--
-- AUTO_INCREMENT de la tabla `rol`
--
ALTER TABLE `rol`
  MODIFY `idrol` int(11) NOT NULL AUTO_INCREMENT, AUTO_INCREMENT=4;

--
-- AUTO_INCREMENT de la tabla `usuario`
--
ALTER TABLE `usuario`
  MODIFY `idusuario` int(11) NOT NULL AUTO_INCREMENT, AUTO_INCREMENT=12;
COMMIT;

/*!40101 SET CHARACTER_SET_CLIENT=@OLD_CHARACTER_SET_CLIENT */;
/*!40101 SET CHARACTER_SET_RESULTS=@OLD_CHARACTER_SET_RESULTS */;
/*!40101 SET COLLATION_CONNECTION=@OLD_COLLATION_CONNECTION */;
